Network,Category,Contract,Contract Address,Function,Timestamp (UTC),Status,Source Account,Role,Transaction Hash,Explorer Link
Mainnet,ZK Verification,Groth16 Verifier,CATKJ2WBLQXGNVMGZ6E4JEZVTRMVJO2SKA3H7VH53TVD2HJPSBQ46MRD,initialize,2026-07-11 00:38:19,Success,GBMH5RK4SK4LWMU3I4WFIEMTJXRK6GI44W3U5NCFOTWMQX32OCNQWCEF,Deployer / User,7328780206efadf296b576883da026e26a8e2ed41e55117bd82215f5b51fa42d,https://stellar.expert/explorer/public/tx/7328780206efadf296b576883da026e26a8e2ed41e55117bd82215f5b51fa42d
Mainnet,Compliance,ASP Membership,CBJWADSNYX52I6GEASN5P7MS6NWQ4O5WWQJOPTNSKCRHYTK2BYET6YB3,initialize,2026-07-11 00:39:11,Success,GBMH5RK4SK4LWMU3I4WFIEMTJXRK6GI44W3U5NCFOTWMQX32OCNQWCEF,Deployer / User,edc427ee21a539b54a42703a393b44b2d013238631fb15ee8d1020e4af59b3dd,https://stellar.expert/explorer/public/tx/edc427ee21a539b54a42703a393b44b2d013238631fb15ee8d1020e4af59b3dd
Mainnet,Compliance,ASP Non-Membership,CBJSFSZOEOEBSBTUZPTFZNAMP37PU7GKVFRERYSBTMYY7KPG6QKMAAQE,initialize,2026-07-11 00:40:03,Success,GBMH5RK4SK4LWMU3I4WFIEMTJXRK6GI44W3U5NCFOTWMQX32OCNQWCEF,Deployer / User,d44129c655ff44a0044446d0c0b712f2bb22c4c8cb3b26a87323ceb5f3a54e85,https://stellar.expert/explorer/public/tx/d44129c655ff44a0044446d0c0b712f2bb22c4c8cb3b26a87323ceb5f3a54e85
Mainnet,Core Pool,Shielded Pool (XLM),CB2NWPFWW5YLD6UYWR4RFERECSMBF6SB62P7RRP2LF2P2EMDSDLAZ3OW,initialize,2026-07-11 00:40:57,Success,GBMH5RK4SK4LWMU3I4WFIEMTJXRK6GI44W3U5NCFOTWMQX32OCNQWCEF,Deployer / User,fe8c2f6939581cc9160bce81a3baa5d8b71844187e028f40d12efe0a687fc28d,https://stellar.expert/explorer/public/tx/fe8c2f6939581cc9160bce81a3baa5d8b71844187e028f40d12efe0a687fc28d
Mainnet,ZK Verification,Groth16 Verifier,CATKJ2WBLQXGNVMGZ6E4JEZVTRMVJO2SKA3H7VH53TVD2HJPSBQ46MRD,set_vk,2026-07-11 00:41:13,Success,GBMH5RK4SK4LWMU3I4WFIEMTJXRK6GI44W3U5NCFOTWMQX32OCNQWCEF,Deployer / User,c4f2092ded23035d02406af72635b55ed100158ba6b2a85556192fb0c3e6e011,https://stellar.expert/explorer/public/tx/c4f2092ded23035d02406af72635b55ed100158ba6b2a85556192fb0c3e6e011
Mainnet,ZK Verification,Groth16 Verifier,CATKJ2WBLQXGNVMGZ6E4JEZVTRMVJO2SKA3H7VH53TVD2HJPSBQ46MRD,set_vk,2026-07-11 00:41:30,Success,GBMH5RK4SK4LWMU3I4WFIEMTJXRK6GI44W3U5NCFOTWMQX32OCNQWCEF,Deployer / User,4331b65e2bd9c1821f0775c9c4c5a9eba37f438372bd2762445f407dd063d7a6,https://stellar.expert/explorer/public/tx/4331b65e2bd9c1821f0775c9c4c5a9eba37f438372bd2762445f407dd063d7a6
Mainnet,Compliance,ASP Membership,CBJWADSNYX52I6GEASN5P7MS6NWQ4O5WWQJOPTNSKCRHYTK2BYET6YB3,insert_leaf,2026-07-11 05:27:02,Success,GBMH5RK4SK4LWMU3I4WFIEMTJXRK6GI44W3U5NCFOTWMQX32OCNQWCEF,Deployer / User,d58e0121e8c17b56efe3c0b38021d9185aab8e94b5975b72237b259123c490ac,https://stellar.expert/explorer/public/tx/d58e0121e8c17b56efe3c0b38021d9185aab8e94b5975b72237b259123c490ac
Mainnet,Core Pool,Shielded Pool (XLM),CB2NWPFWW5YLD6UYWR4RFERECSMBF6SB62P7RRP2LF2P2EMDSDLAZ3OW,deposit,2026-07-11 06:03:01,Success,GBMH5RK4SK4LWMU3I4WFIEMTJXRK6GI44W3U5NCFOTWMQX32OCNQWCEF,Deployer / User,79e41737f80c5bb5eb197675d2d5410f596f1280c6a07c9bee277a34d095fe28,https://stellar.expert/explorer/public/tx/79e41737f80c5bb5eb197675d2d5410f596f1280c6a07c9bee277a34d095fe28
Mainnet,Core Pool,Shielded Pool (XLM),CB2NWPFWW5YLD6UYWR4RFERECSMBF6SB62P7RRP2LF2P2EMDSDLAZ3OW,deposit,2026-07-11 06:13:55,Success,GBMH5RK4SK4LWMU3I4WFIEMTJXRK6GI44W3U5NCFOTWMQX32OCNQWCEF,Deployer / User,d09b24f89406e5b5e6a990754f7e9cae5e47c58f1facb0c829df47b6eb9fcbb4,https://stellar.expert/explorer/public/tx/d09b24f89406e5b5e6a990754f7e9cae5e47c58f1facb0c829df47b6eb9fcbb4
Mainnet,Core Pool,Shielded Pool (XLM),CB2NWPFWW5YLD6UYWR4RFERECSMBF6SB62P7RRP2LF2P2EMDSDLAZ3OW,withdraw,2026-07-11 06:14:53,Success,GBMH5RK4SK4LWMU3I4WFIEMTJXRK6GI44W3U5NCFOTWMQX32OCNQWCEF,Deployer / User,9bbf15cdb1496881db355151f91eca4bae7a7efd5561ba447339d088ee993a12,https://stellar.expert/explorer/public/tx/9bbf15cdb1496881db355151f91eca4bae7a7efd5561ba447339d088ee993a12
Mainnet,Core Pool,Shielded Pool (XLM),CB2NWPFWW5YLD6UYWR4RFERECSMBF6SB62P7RRP2LF2P2EMDSDLAZ3OW,deposit,2026-07-11 06:18:47,Success,GBMH5RK4SK4LWMU3I4WFIEMTJXRK6GI44W3U5NCFOTWMQX32OCNQWCEF,Deployer / User,9a62e80cb4c5a1600cdc5060707ba2c6b3b5b08195772d92090906c540f7db9e,https://stellar.expert/explorer/public/tx/9a62e80cb4c5a1600cdc5060707ba2c6b3b5b08195772d92090906c540f7db9e
Mainnet,Core Pool,Shielded Pool (XLM),CB2NWPFWW5YLD6UYWR4RFERECSMBF6SB62P7RRP2LF2P2EMDSDLAZ3OW,withdraw,2026-07-11 06:19:40,Success,GBMH5RK4SK4LWMU3I4WFIEMTJXRK6GI44W3U5NCFOTWMQX32OCNQWCEF,Deployer / User,c825976ad90eed6af13c029bad32b44f5409f58e67d0b92987c5efcad0098e28,https://stellar.expert/explorer/public/tx/c825976ad90eed6af13c029bad32b44f5409f58e67d0b92987c5efcad0098e28
Mainnet,Core Pool,Shielded Pool (XLM),CB2NWPFWW5YLD6UYWR4RFERECSMBF6SB62P7RRP2LF2P2EMDSDLAZ3OW,deposit,2026-07-11 07:20:43,Success,GBMH5RK4SK4LWMU3I4WFIEMTJXRK6GI44W3U5NCFOTWMQX32OCNQWCEF,Deployer / User,19de3a36eb606390d27e991adc54d9f8791fcd54bc5460ccc661abbe0c9ba45d,https://stellar.expert/explorer/public/tx/19de3a36eb606390d27e991adc54d9f8791fcd54bc5460ccc661abbe0c9ba45d
Mainnet,Core Pool,Shielded Pool (XLM),CB2NWPFWW5YLD6UYWR4RFERECSMBF6SB62P7RRP2LF2P2EMDSDLAZ3OW,withdraw,2026-07-11 07:21:12,Success,GBMH5RK4SK4LWMU3I4WFIEMTJXRK6GI44W3U5NCFOTWMQX32OCNQWCEF,Deployer / User,42f694956c16608c12bb37450bd613f5efccdd6dd4fb8b52236f92f31400bd76,https://stellar.expert/explorer/public/tx/42f694956c16608c12bb37450bd613f5efccdd6dd4fb8b52236f92f31400bd76
Mainnet,Core Pool,Shielded Pool (XLM),CB2NWPFWW5YLD6UYWR4RFERECSMBF6SB62P7RRP2LF2P2EMDSDLAZ3OW,deposit,2026-07-11 08:57:05,Success,GBMH5RK4SK4LWMU3I4WFIEMTJXRK6GI44W3U5NCFOTWMQX32OCNQWCEF,Deployer / User,ff675042d460a168da04b508610c418ff7ba9ec7119aa055fd268c7d045742d5,https://stellar.expert/explorer/public/tx/ff675042d460a168da04b508610c418ff7ba9ec7119aa055fd268c7d045742d5
Mainnet,Core Pool,Shielded Pool (XLM),CB2NWPFWW5YLD6UYWR4RFERECSMBF6SB62P7RRP2LF2P2EMDSDLAZ3OW,withdraw,2026-07-11 09:01:34,Success,GBMH5RK4SK4LWMU3I4WFIEMTJXRK6GI44W3U5NCFOTWMQX32OCNQWCEF,Deployer / User,f0394ceba9b6627015584404f1ceddbedb06888f3344215f61aea1032780a797,https://stellar.expert/explorer/public/tx/f0394ceba9b6627015584404f1ceddbedb06888f3344215f61aea1032780a797
Mainnet,Core Pool,Shielded Pool (XLM),CB2NWPFWW5YLD6UYWR4RFERECSMBF6SB62P7RRP2LF2P2EMDSDLAZ3OW,deposit,2026-07-11 09:03:20,Success,GBMH5RK4SK4LWMU3I4WFIEMTJXRK6GI44W3U5NCFOTWMQX32OCNQWCEF,Deployer / User,f907b93234c6c6812ad35d58a054e7641c2a5ad5021aaa28e650dca726a33df7,https://stellar.expert/explorer/public/tx/f907b93234c6c6812ad35d58a054e7641c2a5ad5021aaa28e650dca726a33df7
Mainnet,Core Pool,Shielded Pool (XLM),CB2NWPFWW5YLD6UYWR4RFERECSMBF6SB62P7RRP2LF2P2EMDSDLAZ3OW,withdraw,2026-07-11 09:05:09,Success,GBMH5RK4SK4LWMU3I4WFIEMTJXRK6GI44W3U5NCFOTWMQX32OCNQWCEF,Deployer / User,8d8d08a6b0b0a055bb724090863f90a9bd49f8d4e6b9741afbd7f2173d9aea3f,https://stellar.expert/explorer/public/tx/8d8d08a6b0b0a055bb724090863f90a9bd49f8d4e6b9741afbd7f2173d9aea3f
Mainnet,Core Pool,Shielded Pool (XLM),CB2NWPFWW5YLD6UYWR4RFERECSMBF6SB62P7RRP2LF2P2EMDSDLAZ3OW,deposit,2026-07-11 09:08:56,Success,GBMH5RK4SK4LWMU3I4WFIEMTJXRK6GI44W3U5NCFOTWMQX32OCNQWCEF,Deployer / User,f6233caa39141a02176cd1d9e0116c0efd2e30940372b7439c58a2586c18c99f,https://stellar.expert/explorer/public/tx/f6233caa39141a02176cd1d9e0116c0efd2e30940372b7439c58a2586c18c99f
Testnet,ZK Verification,Groth16 Verifier (V1),CCIKM7S5MHZKXB2OHAZ5ORAI2F7XZMLLUGTLLN5CJ646DYENIHJ2I3F6,initialize,2026-07-09 06:27:15,Success,GCZTDHO2FG2ABMQ46ON2MN262Z7RXD7TRA2QWGGKQIZVT7ZXK6AUJ3TH,Deployer,d308712cc07a1f6952c6cf969353cba6d1315e66918e747bbf99a142024334ba,https://stellar.expert/explorer/testnet/tx/d308712cc07a1f6952c6cf969353cba6d1315e66918e747bbf99a142024334ba
Testnet,Liquidation,Liquidation Engine,CD5PHVNW6ST2GR2HJZBI6ZO2NR6LEU6T7AZYZOY57DVFDT4XAZIIPWOF,initialize,2026-07-09 06:29:55,Success,GCZTDHO2FG2ABMQ46ON2MN262Z7RXD7TRA2QWGGKQIZVT7ZXK6AUJ3TH,Deployer,ec4471f052bb29b2ae6bac7e4cbb7e312f6df11e44786cee22d6dc8af7328445,https://stellar.expert/explorer/testnet/tx/ec4471f052bb29b2ae6bac7e4cbb7e312f6df11e44786cee22d6dc8af7328445
Testnet,Hidden Orders,Hidden Order Registry,CDSRTHPGKS2A5CVA6KEPI5HHXO55N6PTDTVCO5GHDUNZ3AWTZREX7FNF,initialize,2026-07-09 06:30:05,Success,GCZTDHO2FG2ABMQ46ON2MN262Z7RXD7TRA2QWGGKQIZVT7ZXK6AUJ3TH,Deployer,b8302d55c11b93341a96e3ab0e8d3354a479ee54ac207655bc2ed0b7077429be,https://stellar.expert/explorer/testnet/tx/b8302d55c11b93341a96e3ab0e8d3354a479ee54ac207655bc2ed0b7077429be
Testnet,Agentic Settlement,Agentic Settlement Hub,CBRI4ZGER6ZZF3HJTJ6ECBRYA6VTFSO4RVLCTZ6Q54JLV7NPKVBHKTY5,initialize,2026-07-09 06:30:15,Success,GCZTDHO2FG2ABMQ46ON2MN262Z7RXD7TRA2QWGGKQIZVT7ZXK6AUJ3TH,Deployer,a7174aa9b3c104b50f677ef00a0a25f5713fe4e2de4e3b33d9563b4638ecda7a,https://stellar.expert/explorer/testnet/tx/a7174aa9b3c104b50f677ef00a0a25f5713fe4e2de4e3b33d9563b4638ecda7a
Testnet,ZK Verification,Groth16 Verifier (V1),CCIKM7S5MHZKXB2OHAZ5ORAI2F7XZMLLUGTLLN5CJ646DYENIHJ2I3F6,set_vk,2026-07-09 06:30:30,Success,GCZTDHO2FG2ABMQ46ON2MN262Z7RXD7TRA2QWGGKQIZVT7ZXK6AUJ3TH,Deployer,728ba8af4655a055a54e35b26dca2bd526663a9868c9b5aae793f08a1ed3ea93,https://stellar.expert/explorer/testnet/tx/728ba8af4655a055a54e35b26dca2bd526663a9868c9b5aae793f08a1ed3ea93
Testnet,ZK Verification,Groth16 Verifier (V1),CCIKM7S5MHZKXB2OHAZ5ORAI2F7XZMLLUGTLLN5CJ646DYENIHJ2I3F6,set_vk,2026-07-09 06:30:40,Success,GCZTDHO2FG2ABMQ46ON2MN262Z7RXD7TRA2QWGGKQIZVT7ZXK6AUJ3TH,Deployer,bb5b37b834307f4c7a695908ecfda4e4c9fe799eda6b781cdba7551552a9974e,https://stellar.expert/explorer/testnet/tx/bb5b37b834307f4c7a695908ecfda4e4c9fe799eda6b781cdba7551552a9974e
Testnet,ZK Verification,Groth16 Verifier (V1),CCIKM7S5MHZKXB2OHAZ5ORAI2F7XZMLLUGTLLN5CJ646DYENIHJ2I3F6,set_vk,2026-07-09 06:30:55,Success,GCZTDHO2FG2ABMQ46ON2MN262Z7RXD7TRA2QWGGKQIZVT7ZXK6AUJ3TH,Deployer,bb17da33774d501d39df88727f3f7fe1cb78a8bd64031a32c2c8dc92c51e7bc5,https://stellar.expert/explorer/testnet/tx/bb17da33774d501d39df88727f3f7fe1cb78a8bd64031a32c2c8dc92c51e7bc5
Testnet,ZK Verification,Groth16 Verifier (V1),CCIKM7S5MHZKXB2OHAZ5ORAI2F7XZMLLUGTLLN5CJ646DYENIHJ2I3F6,set_vk,2026-07-09 06:31:05,Success,GCZTDHO2FG2ABMQ46ON2MN262Z7RXD7TRA2QWGGKQIZVT7ZXK6AUJ3TH,Deployer,d960a1ffa888979abae539f67eaf2e36dbb0a240ab0e8565451648b8b6a82e3e,https://stellar.expert/explorer/testnet/tx/d960a1ffa888979abae539f67eaf2e36dbb0a240ab0e8565451648b8b6a82e3e
Testnet,ZK Verification,Groth16 Verifier (V1),CCIKM7S5MHZKXB2OHAZ5ORAI2F7XZMLLUGTLLN5CJ646DYENIHJ2I3F6,set_vk,2026-07-09 06:31:20,Success,GCZTDHO2FG2ABMQ46ON2MN262Z7RXD7TRA2QWGGKQIZVT7ZXK6AUJ3TH,Deployer,515d16e5f38fa2673f60a4eeb7225eaf0115510ed389e08b0ae9382af46a4b5f,https://stellar.expert/explorer/testnet/tx/515d16e5f38fa2673f60a4eeb7225eaf0115510ed389e08b0ae9382af46a4b5f
Testnet,ZK Verification,Groth16 Verifier (V1),CCIKM7S5MHZKXB2OHAZ5ORAI2F7XZMLLUGTLLN5CJ646DYENIHJ2I3F6,set_vk,2026-07-09 06:31:35,Success,GCZTDHO2FG2ABMQ46ON2MN262Z7RXD7TRA2QWGGKQIZVT7ZXK6AUJ3TH,Deployer,1224777d2cb336dd6435a3dc5137a36eb65af9c34bc96b1554e147ef98829859,https://stellar.expert/explorer/testnet/tx/1224777d2cb336dd6435a3dc5137a36eb65af9c34bc96b1554e147ef98829859
Testnet,ZK Verification,Groth16 Verifier (V1),CCIKM7S5MHZKXB2OHAZ5ORAI2F7XZMLLUGTLLN5CJ646DYENIHJ2I3F6,set_vk,2026-07-09 06:31:50,Success,GCZTDHO2FG2ABMQ46ON2MN262Z7RXD7TRA2QWGGKQIZVT7ZXK6AUJ3TH,Deployer,53ada28bea1aeb4c40894d2181c8eb41305545964d947d7ca201ca8aecaf57d9,https://stellar.expert/explorer/testnet/tx/53ada28bea1aeb4c40894d2181c8eb41305545964d947d7ca201ca8aecaf57d9
Testnet,ZK Verification,Groth16 Verifier (V1),CCIKM7S5MHZKXB2OHAZ5ORAI2F7XZMLLUGTLLN5CJ646DYENIHJ2I3F6,set_vk,2026-07-09 06:32:05,Success,GCZTDHO2FG2ABMQ46ON2MN262Z7RXD7TRA2QWGGKQIZVT7ZXK6AUJ3TH,Deployer,d6d2954293815b99e89feeb4384b057c360bc56c3ead9b3d7c9a3a8c4aa64826,https://stellar.expert/explorer/testnet/tx/d6d2954293815b99e89feeb4384b057c360bc56c3ead9b3d7c9a3a8c4aa64826
Testnet,ZK Verification,Groth16 Verifier (V1),CCIKM7S5MHZKXB2OHAZ5ORAI2F7XZMLLUGTLLN5CJ646DYENIHJ2I3F6,set_vk,2026-07-09 06:32:25,Success,GCZTDHO2FG2ABMQ46ON2MN262Z7RXD7TRA2QWGGKQIZVT7ZXK6AUJ3TH,Deployer,01d76acbcbc4d2790c103d327bf222170b10b79fdcbd2e00aef8fdf8d01ee61a,https://stellar.expert/explorer/testnet/tx/01d76acbcbc4d2790c103d327bf222170b10b79fdcbd2e00aef8fdf8d01ee61a
Testnet,Oracle,Oracle (V1),CCOMO6TGGWTBK463TXZPMG5IO26WUN6W4D4NO7TP4QKL7RTL5OUVSHCE,set_price,2026-07-09 06:39:06,Success,GCZTDHO2FG2ABMQ46ON2MN262Z7RXD7TRA2QWGGKQIZVT7ZXK6AUJ3TH,Deployer,eec04ea1e7b859b7da71058725a4f0e13a8c39622eb48c1463f51edff0a143b6,https://stellar.expert/explorer/testnet/tx/eec04ea1e7b859b7da71058725a4f0e13a8c39622eb48c1463f51edff0a143b6
Testnet,Compliance,ASP Membership (V1),CA4POOLOYY66EMCHB4PRWTUUOB63MDJARUHJQ2FU5SLYVXC43JJDENE4,initialize,2026-07-09 06:39:21,Success,GCZTDHO2FG2ABMQ46ON2MN262Z7RXD7TRA2QWGGKQIZVT7ZXK6AUJ3TH,Deployer,5963e1a8ce6dd00163ab8ca0e89db951f1d568622098dcef2d7c23be1f89ba02,https://stellar.expert/explorer/testnet/tx/5963e1a8ce6dd00163ab8ca0e89db951f1d568622098dcef2d7c23be1f89ba02
Testnet,Core Pool,Shielded Pool (V1),CCSNQSFEH54DJYAIHIBLO7X4KI2VLH3RU2ATNPZB6M72RBMKBN3XHRA2,initialize,2026-07-09 06:39:31,Success,GCZTDHO2FG2ABMQ46ON2MN262Z7RXD7TRA2QWGGKQIZVT7ZXK6AUJ3TH,Deployer,9795530b0da0df2a1392cb8601f525632ec9b6f290826dab073b3559b816762d,https://stellar.expert/explorer/testnet/tx/9795530b0da0df2a1392cb8601f525632ec9b6f290826dab073b3559b816762d
Testnet,Private Positions,Position Manager,CDI4D6XLET4JGJ5OSHEONR5525H4M5ESH4JVPJVUEY5HWJQG6ECZIR3R,initialize,2026-07-09 06:39:41,Success,GCZTDHO2FG2ABMQ46ON2MN262Z7RXD7TRA2QWGGKQIZVT7ZXK6AUJ3TH,Deployer,596db257b2c475d4e533290b169c3fe788eab7250fbb7c1544daca7e237dc4ea,https://stellar.expert/explorer/testnet/tx/596db257b2c475d4e533290b169c3fe788eab7250fbb7c1544daca7e237dc4ea
Testnet,Core Pool,Shielded Pool (V1),CCSNQSFEH54DJYAIHIBLO7X4KI2VLH3RU2ATNPZB6M72RBMKBN3XHRA2,add_settlement_authority,2026-07-09 06:39:56,Success,GCZTDHO2FG2ABMQ46ON2MN262Z7RXD7TRA2QWGGKQIZVT7ZXK6AUJ3TH,Deployer,c1d50b70c5fe0105c98d24b406e5838e83a2b31769c41ac40716e7e3c37a7fa9,https://stellar.expert/explorer/testnet/tx/c1d50b70c5fe0105c98d24b406e5838e83a2b31769c41ac40716e7e3c37a7fa9
Testnet,Core Pool,Shielded Pool (V1),CCSNQSFEH54DJYAIHIBLO7X4KI2VLH3RU2ATNPZB6M72RBMKBN3XHRA2,add_settlement_authority,2026-07-09 06:40:11,Success,GCZTDHO2FG2ABMQ46ON2MN262Z7RXD7TRA2QWGGKQIZVT7ZXK6AUJ3TH,Deployer,040a1f25d72807dced80e8ab7e537a29599e0ea9061837427fab77ecc94cdcdc,https://stellar.expert/explorer/testnet/tx/040a1f25d72807dced80e8ab7e537a29599e0ea9061837427fab77ecc94cdcdc
Testnet,Core Pool,Shielded Pool (V1),CCSNQSFEH54DJYAIHIBLO7X4KI2VLH3RU2ATNPZB6M72RBMKBN3XHRA2,add_settlement_authority,2026-07-09 06:40:26,Success,GCZTDHO2FG2ABMQ46ON2MN262Z7RXD7TRA2QWGGKQIZVT7ZXK6AUJ3TH,Deployer,a29c506956faf556b80b34b84c88a530ea6d8f47862de261e800efe2bd6b5de7,https://stellar.expert/explorer/testnet/tx/a29c506956faf556b80b34b84c88a530ea6d8f47862de261e800efe2bd6b5de7
Testnet,Core Pool,Shielded Pool (V1),CCSNQSFEH54DJYAIHIBLO7X4KI2VLH3RU2ATNPZB6M72RBMKBN3XHRA2,add_settlement_authority,2026-07-09 06:40:36,Success,GCZTDHO2FG2ABMQ46ON2MN262Z7RXD7TRA2QWGGKQIZVT7ZXK6AUJ3TH,Deployer,143d20916f85d5d388e5c27690f8efa45accbf8698e792b7795c2d04490d66be,https://stellar.expert/explorer/testnet/tx/143d20916f85d5d388e5c27690f8efa45accbf8698e792b7795c2d04490d66be
Testnet,Compliance,ASP Membership (V1),CA4POOLOYY66EMCHB4PRWTUUOB63MDJARUHJQ2FU5SLYVXC43JJDENE4,insert_leaf,2026-07-09 06:49:42,Success,GCZTDHO2FG2ABMQ46ON2MN262Z7RXD7TRA2QWGGKQIZVT7ZXK6AUJ3TH,Deployer,891737ea75257b546ef4069984cbf025a766d8ab746a1e3e3fdd0363aec0af84,https://stellar.expert/explorer/testnet/tx/891737ea75257b546ef4069984cbf025a766d8ab746a1e3e3fdd0363aec0af84
Testnet,Compliance,ASP Membership (V1),CA4POOLOYY66EMCHB4PRWTUUOB63MDJARUHJQ2FU5SLYVXC43JJDENE4,insert_leaf,2026-07-09 06:51:17,Success,GCZTDHO2FG2ABMQ46ON2MN262Z7RXD7TRA2QWGGKQIZVT7ZXK6AUJ3TH,Deployer,b0b59802248253f5e500e8c31c245f3f9cfc8781d84b5c3d57d0b12a020dc987,https://stellar.expert/explorer/testnet/tx/b0b59802248253f5e500e8c31c245f3f9cfc8781d84b5c3d57d0b12a020dc987
Testnet,Core Pool,Shielded Pool (V1),CCSNQSFEH54DJYAIHIBLO7X4KI2VLH3RU2ATNPZB6M72RBMKBN3XHRA2,deposit,2026-07-09 06:58:43,Success,GCZTDHO2FG2ABMQ46ON2MN262Z7RXD7TRA2QWGGKQIZVT7ZXK6AUJ3TH,Deployer,155bc9e6a2ef7d0e876b4128bb7149b7f764273dab432fe0c8277f5a149df35e,https://stellar.expert/explorer/testnet/tx/155bc9e6a2ef7d0e876b4128bb7149b7f764273dab432fe0c8277f5a149df35e
Testnet,Compliance,ASP Membership (V1),CA4POOLOYY66EMCHB4PRWTUUOB63MDJARUHJQ2FU5SLYVXC43JJDENE4,insert_leaf,2026-07-09 06:58:53,Success,GCZTDHO2FG2ABMQ46ON2MN262Z7RXD7TRA2QWGGKQIZVT7ZXK6AUJ3TH,Deployer,36f23d176afa391f91a2a695873a9e8b5d0c66adf7c257a3bccd31db98f45068,https://stellar.expert/explorer/testnet/tx/36f23d176afa391f91a2a695873a9e8b5d0c66adf7c257a3bccd31db98f45068
Testnet,Core Pool,Shielded Pool (V1),CCSNQSFEH54DJYAIHIBLO7X4KI2VLH3RU2ATNPZB6M72RBMKBN3XHRA2,deposit,2026-07-09 06:59:38,Success,GCZTDHO2FG2ABMQ46ON2MN262Z7RXD7TRA2QWGGKQIZVT7ZXK6AUJ3TH,Deployer,38814dd152241f4956da042313c613a0ac9aa19668ca2c827aa154b28dd7ae25,https://stellar.expert/explorer/testnet/tx/38814dd152241f4956da042313c613a0ac9aa19668ca2c827aa154b28dd7ae25
Testnet,Core Pool,Shielded Pool (V1),CCSNQSFEH54DJYAIHIBLO7X4KI2VLH3RU2ATNPZB6M72RBMKBN3XHRA2,upgrade,2026-07-09 07:08:04,Success,GCZTDHO2FG2ABMQ46ON2MN262Z7RXD7TRA2QWGGKQIZVT7ZXK6AUJ3TH,Deployer,91799d2f6abc76cb02bb6b688a6979e483b12a74f7e86880d0e695929db24527,https://stellar.expert/explorer/testnet/tx/91799d2f6abc76cb02bb6b688a6979e483b12a74f7e86880d0e695929db24527
Testnet,Core Pool,Shielded Pool (V1),CCSNQSFEH54DJYAIHIBLO7X4KI2VLH3RU2ATNPZB6M72RBMKBN3XHRA2,upgrade,2026-07-09 14:58:23,Success,GCZTDHO2FG2ABMQ46ON2MN262Z7RXD7TRA2QWGGKQIZVT7ZXK6AUJ3TH,Deployer,0530d480bb5137fa60d3bd5ad8aeb10d837d145d1cbc11c47a04e664d9be9863,https://stellar.expert/explorer/testnet/tx/0530d480bb5137fa60d3bd5ad8aeb10d837d145d1cbc11c47a04e664d9be9863
Testnet,Core Pool,Shielded Pool (V1),CCSNQSFEH54DJYAIHIBLO7X4KI2VLH3RU2ATNPZB6M72RBMKBN3XHRA2,transfer,2026-07-09 14:59:53,Success,GCZTDHO2FG2ABMQ46ON2MN262Z7RXD7TRA2QWGGKQIZVT7ZXK6AUJ3TH,Deployer,12ca6df52d49ce0a5d61192f8cd09444d1a8163882846a33509fe6980a97b119,https://stellar.expert/explorer/testnet/tx/12ca6df52d49ce0a5d61192f8cd09444d1a8163882846a33509fe6980a97b119
Testnet,Core Pool,Shielded Pool (V1),CCSNQSFEH54DJYAIHIBLO7X4KI2VLH3RU2ATNPZB6M72RBMKBN3XHRA2,withdraw,2026-07-09 15:00:28,Success,GCZTDHO2FG2ABMQ46ON2MN262Z7RXD7TRA2QWGGKQIZVT7ZXK6AUJ3TH,Deployer,c4e5d49d6921e75b92d73622becf81a76da0bee383f73b0780deb1f0e9f8b75c,https://stellar.expert/explorer/testnet/tx/c4e5d49d6921e75b92d73622becf81a76da0bee383f73b0780deb1f0e9f8b75c
Testnet,Oracle,Oracle (V1),CCOMO6TGGWTBK463TXZPMG5IO26WUN6W4D4NO7TP4QKL7RTL5OUVSHCE,set_price,2026-07-09 17:33:44,Success,GCZTDHO2FG2ABMQ46ON2MN262Z7RXD7TRA2QWGGKQIZVT7ZXK6AUJ3TH,Deployer,0bbeeaac513e81ee041a47225f7df6fa3494ab970b1c48679de1e059d8e159b8,https://stellar.expert/explorer/testnet/tx/0bbeeaac513e81ee041a47225f7df6fa3494ab970b1c48679de1e059d8e159b8
Testnet,Oracle,Oracle (V1),CCOMO6TGGWTBK463TXZPMG5IO26WUN6W4D4NO7TP4QKL7RTL5OUVSHCE,set_price,2026-07-09 17:50:05,Success,GCZTDHO2FG2ABMQ46ON2MN262Z7RXD7TRA2QWGGKQIZVT7ZXK6AUJ3TH,Deployer,189463426df06936d02721d716df6de1d6bcffd0a8b69d2550720a5dbc63916b,https://stellar.expert/explorer/testnet/tx/189463426df06936d02721d716df6de1d6bcffd0a8b69d2550720a5dbc63916b
Testnet,Core Pool,Shielded Pool (V1),CCSNQSFEH54DJYAIHIBLO7X4KI2VLH3RU2ATNPZB6M72RBMKBN3XHRA2,deposit,2026-07-09 17:50:35,Success,GCZTDHO2FG2ABMQ46ON2MN262Z7RXD7TRA2QWGGKQIZVT7ZXK6AUJ3TH,Deployer,313a8f39c18dd2496807974718ba9e8d533db86238d039ea91216a9d03b8a7b6,https://stellar.expert/explorer/testnet/tx/313a8f39c18dd2496807974718ba9e8d533db86238d039ea91216a9d03b8a7b6
Testnet,Oracle,Oracle (V1),CCOMO6TGGWTBK463TXZPMG5IO26WUN6W4D4NO7TP4QKL7RTL5OUVSHCE,set_price,2026-07-09 17:55:36,Success,GCZTDHO2FG2ABMQ46ON2MN262Z7RXD7TRA2QWGGKQIZVT7ZXK6AUJ3TH,Deployer,813eef2e7299f99b62b7d88903f2982a55ed7b07e4f5dc914708f025d2e3031e,https://stellar.expert/explorer/testnet/tx/813eef2e7299f99b62b7d88903f2982a55ed7b07e4f5dc914708f025d2e3031e
Testnet,Oracle,Oracle (V1),CCOMO6TGGWTBK463TXZPMG5IO26WUN6W4D4NO7TP4QKL7RTL5OUVSHCE,set_price,2026-07-09 17:57:11,Success,GCZTDHO2FG2ABMQ46ON2MN262Z7RXD7TRA2QWGGKQIZVT7ZXK6AUJ3TH,Deployer,95e814dada24c1cfd6fb6233806432a512e9753edc0b972da50edc464d6a8a00,https://stellar.expert/explorer/testnet/tx/95e814dada24c1cfd6fb6233806432a512e9753edc0b972da50edc464d6a8a00
Testnet,Compliance,ASP Membership (V1),CA4POOLOYY66EMCHB4PRWTUUOB63MDJARUHJQ2FU5SLYVXC43JJDENE4,insert_leaf,2026-07-09 17:57:21,Success,GCZTDHO2FG2ABMQ46ON2MN262Z7RXD7TRA2QWGGKQIZVT7ZXK6AUJ3TH,Deployer,6c320a11fc7f2c05173f568c837e077eb56787c45bc80ff709e7b3e81736b5eb,https://stellar.expert/explorer/testnet/tx/6c320a11fc7f2c05173f568c837e077eb56787c45bc80ff709e7b3e81736b5eb
Testnet,Core Pool,Shielded Pool (V1),CCSNQSFEH54DJYAIHIBLO7X4KI2VLH3RU2ATNPZB6M72RBMKBN3XHRA2,deposit,2026-07-09 17:57:51,Success,GCZTDHO2FG2ABMQ46ON2MN262Z7RXD7TRA2QWGGKQIZVT7ZXK6AUJ3TH,Deployer,932068c7dd4ece7042771426baef958c6e98d697f16b6c51608c4625ab80b16d,https://stellar.expert/explorer/testnet/tx/932068c7dd4ece7042771426baef958c6e98d697f16b6c51608c4625ab80b16d
Testnet,Private Positions,Position Manager,CDI4D6XLET4JGJ5OSHEONR5525H4M5ESH4JVPJVUEY5HWJQG6ECZIR3R,open_position,2026-07-09 17:58:21,Success,GCZTDHO2FG2ABMQ46ON2MN262Z7RXD7TRA2QWGGKQIZVT7ZXK6AUJ3TH,Deployer,7b77855e8bc2ed31f1bccb405f851a8a80fff52b3f63b717d3a8ccce1b95857c,https://stellar.expert/explorer/testnet/tx/7b77855e8bc2ed31f1bccb405f851a8a80fff52b3f63b717d3a8ccce1b95857c
Testnet,Oracle,Oracle (V1),CCOMO6TGGWTBK463TXZPMG5IO26WUN6W4D4NO7TP4QKL7RTL5OUVSHCE,set_price,2026-07-09 17:58:31,Success,GCZTDHO2FG2ABMQ46ON2MN262Z7RXD7TRA2QWGGKQIZVT7ZXK6AUJ3TH,Deployer,19640d7e1522147667023c5bde0b43fb1b75a544735f14638793b26e959c38e9,https://stellar.expert/explorer/testnet/tx/19640d7e1522147667023c5bde0b43fb1b75a544735f14638793b26e959c38e9
Testnet,Private Positions,Position Manager,CDI4D6XLET4JGJ5OSHEONR5525H4M5ESH4JVPJVUEY5HWJQG6ECZIR3R,attest_health,2026-07-09 17:58:41,Success,GCZTDHO2FG2ABMQ46ON2MN262Z7RXD7TRA2QWGGKQIZVT7ZXK6AUJ3TH,Deployer,324ad22298bb6f743556510439e88c0fac5c85884636f09014f6aa4deff4676d,https://stellar.expert/explorer/testnet/tx/324ad22298bb6f743556510439e88c0fac5c85884636f09014f6aa4deff4676d
Testnet,Private Positions,Position Manager,CDI4D6XLET4JGJ5OSHEONR5525H4M5ESH4JVPJVUEY5HWJQG6ECZIR3R,close_or_modify_position,2026-07-09 17:58:56,Success,GCZTDHO2FG2ABMQ46ON2MN262Z7RXD7TRA2QWGGKQIZVT7ZXK6AUJ3TH,Deployer,adb061f8e4398c78071f9ae417a9d8600675400e866d98ecdf0fcaa1324e6880,https://stellar.expert/explorer/testnet/tx/adb061f8e4398c78071f9ae417a9d8600675400e866d98ecdf0fcaa1324e6880
Testnet,Oracle,Oracle (V1),CCOMO6TGGWTBK463TXZPMG5IO26WUN6W4D4NO7TP4QKL7RTL5OUVSHCE,set_price,2026-07-09 18:25:49,Success,GCZTDHO2FG2ABMQ46ON2MN262Z7RXD7TRA2QWGGKQIZVT7ZXK6AUJ3TH,Deployer,56ede803e8047220d82b6de82ffbb44b81419b342799839b1f58a724f8c59f45,https://stellar.expert/explorer/testnet/tx/56ede803e8047220d82b6de82ffbb44b81419b342799839b1f58a724f8c59f45
Testnet,Core Pool,Shielded Pool (V1),CCSNQSFEH54DJYAIHIBLO7X4KI2VLH3RU2ATNPZB6M72RBMKBN3XHRA2,deposit,2026-07-09 18:26:19,Success,GCZTDHO2FG2ABMQ46ON2MN262Z7RXD7TRA2QWGGKQIZVT7ZXK6AUJ3TH,Deployer,d4a8ce49edac7626c3f6ac96a3a6d3d0bb564f43832454c7e4b9de7d127f410e,https://stellar.expert/explorer/testnet/tx/d4a8ce49edac7626c3f6ac96a3a6d3d0bb564f43832454c7e4b9de7d127f410e
Testnet,Oracle,Oracle (V1),CCOMO6TGGWTBK463TXZPMG5IO26WUN6W4D4NO7TP4QKL7RTL5OUVSHCE,set_price,2026-07-09 18:29:09,Success,GCZTDHO2FG2ABMQ46ON2MN262Z7RXD7TRA2QWGGKQIZVT7ZXK6AUJ3TH,Deployer,175219f58562d57baed01092351f8a6cfece3026f34bb9365c05602b5171f610,https://stellar.expert/explorer/testnet/tx/175219f58562d57baed01092351f8a6cfece3026f34bb9365c05602b5171f610
Testnet,Core Pool,Shielded Pool (V1),CCSNQSFEH54DJYAIHIBLO7X4KI2VLH3RU2ATNPZB6M72RBMKBN3XHRA2,deposit,2026-07-09 18:29:39,Success,GCZTDHO2FG2ABMQ46ON2MN262Z7RXD7TRA2QWGGKQIZVT7ZXK6AUJ3TH,Deployer,1801d038e2fd2bffc9cdfb43aee694d4da7fd78c51f7d3a750f4c5ce36f8592f,https://stellar.expert/explorer/testnet/tx/1801d038e2fd2bffc9cdfb43aee694d4da7fd78c51f7d3a750f4c5ce36f8592f
Testnet,Oracle,Oracle (V1),CCOMO6TGGWTBK463TXZPMG5IO26WUN6W4D4NO7TP4QKL7RTL5OUVSHCE,set_price,2026-07-09 18:31:55,Success,GCZTDHO2FG2ABMQ46ON2MN262Z7RXD7TRA2QWGGKQIZVT7ZXK6AUJ3TH,Deployer,67dd4884306cb80e5327f0d0a15557b094d85b64aeb883e93b1017617d1057b4,https://stellar.expert/explorer/testnet/tx/67dd4884306cb80e5327f0d0a15557b094d85b64aeb883e93b1017617d1057b4
Testnet,Core Pool,Shielded Pool (V1),CCSNQSFEH54DJYAIHIBLO7X4KI2VLH3RU2ATNPZB6M72RBMKBN3XHRA2,deposit,2026-07-09 18:32:25,Success,GCZTDHO2FG2ABMQ46ON2MN262Z7RXD7TRA2QWGGKQIZVT7ZXK6AUJ3TH,Deployer,42c55b29803133622526143931dd385e10f18d7770e15b4a532dc224c0f3dc00,https://stellar.expert/explorer/testnet/tx/42c55b29803133622526143931dd385e10f18d7770e15b4a532dc224c0f3dc00
Testnet,Oracle,Oracle (V1),CCOMO6TGGWTBK463TXZPMG5IO26WUN6W4D4NO7TP4QKL7RTL5OUVSHCE,set_price,2026-07-09 18:34:50,Success,GCZTDHO2FG2ABMQ46ON2MN262Z7RXD7TRA2QWGGKQIZVT7ZXK6AUJ3TH,Deployer,e917e5bca8805be312d6c66befb27c2420e5c95e7323f3ecdf483ec23f64fdc3,https://stellar.expert/explorer/testnet/tx/e917e5bca8805be312d6c66befb27c2420e5c95e7323f3ecdf483ec23f64fdc3
Testnet,Core Pool,Shielded Pool (V1),CCSNQSFEH54DJYAIHIBLO7X4KI2VLH3RU2ATNPZB6M72RBMKBN3XHRA2,deposit,2026-07-09 18:35:20,Success,GCZTDHO2FG2ABMQ46ON2MN262Z7RXD7TRA2QWGGKQIZVT7ZXK6AUJ3TH,Deployer,41ce6bfd04c951bc3cb07cf95fcead64e91921fb96ccc8f7ee1357079632d34e,https://stellar.expert/explorer/testnet/tx/41ce6bfd04c951bc3cb07cf95fcead64e91921fb96ccc8f7ee1357079632d34e
Testnet,Private Positions,Position Manager,CDI4D6XLET4JGJ5OSHEONR5525H4M5ESH4JVPJVUEY5HWJQG6ECZIR3R,open_position,2026-07-09 18:35:50,Success,GCZTDHO2FG2ABMQ46ON2MN262Z7RXD7TRA2QWGGKQIZVT7ZXK6AUJ3TH,Deployer,409f62ce28d960deb83a450f34c2c32648ea10286af09f9cfebb3c82166bc77f,https://stellar.expert/explorer/testnet/tx/409f62ce28d960deb83a450f34c2c32648ea10286af09f9cfebb3c82166bc77f
Testnet,Oracle,Oracle (V1),CCOMO6TGGWTBK463TXZPMG5IO26WUN6W4D4NO7TP4QKL7RTL5OUVSHCE,set_price,2026-07-09 18:36:00,Success,GCZTDHO2FG2ABMQ46ON2MN262Z7RXD7TRA2QWGGKQIZVT7ZXK6AUJ3TH,Deployer,c3247c4d206ad350c97c4ee877fb4199777aab2b32639f5e7c351030f5413833,https://stellar.expert/explorer/testnet/tx/c3247c4d206ad350c97c4ee877fb4199777aab2b32639f5e7c351030f5413833
Testnet,Oracle,Oracle (V1),CCOMO6TGGWTBK463TXZPMG5IO26WUN6W4D4NO7TP4QKL7RTL5OUVSHCE,set_price,2026-07-09 18:37:00,Success,GCZTDHO2FG2ABMQ46ON2MN262Z7RXD7TRA2QWGGKQIZVT7ZXK6AUJ3TH,Deployer,fe29d6a039f3b8f7a6fd07c8d76e337f2d5cd0df15b868e9995298ee50890c5f,https://stellar.expert/explorer/testnet/tx/fe29d6a039f3b8f7a6fd07c8d76e337f2d5cd0df15b868e9995298ee50890c5f
Testnet,Core Pool,Shielded Pool (V1),CCSNQSFEH54DJYAIHIBLO7X4KI2VLH3RU2ATNPZB6M72RBMKBN3XHRA2,deposit,2026-07-09 18:37:30,Success,GCZTDHO2FG2ABMQ46ON2MN262Z7RXD7TRA2QWGGKQIZVT7ZXK6AUJ3TH,Deployer,3ea7433b525f2dacd1cb6b3d4d4286873c637e7a50ca2c9cdd76fcebadcf4a98,https://stellar.expert/explorer/testnet/tx/3ea7433b525f2dacd1cb6b3d4d4286873c637e7a50ca2c9cdd76fcebadcf4a98
Testnet,Oracle,Oracle (V1),CCOMO6TGGWTBK463TXZPMG5IO26WUN6W4D4NO7TP4QKL7RTL5OUVSHCE,set_price,2026-07-09 18:39:55,Success,GCZTDHO2FG2ABMQ46ON2MN262Z7RXD7TRA2QWGGKQIZVT7ZXK6AUJ3TH,Deployer,c371d7942465507515e9d78aba4e21544356d0521a79a154c3b1879e1093280d,https://stellar.expert/explorer/testnet/tx/c371d7942465507515e9d78aba4e21544356d0521a79a154c3b1879e1093280d
Testnet,Core Pool,Shielded Pool (V1),CCSNQSFEH54DJYAIHIBLO7X4KI2VLH3RU2ATNPZB6M72RBMKBN3XHRA2,deposit,2026-07-09 18:40:25,Success,GCZTDHO2FG2ABMQ46ON2MN262Z7RXD7TRA2QWGGKQIZVT7ZXK6AUJ3TH,Deployer,b71fcc80e4f3351f9de351487ec098d5bcf8f527a6468f985ef69a9aa82bfc54,https://stellar.expert/explorer/testnet/tx/b71fcc80e4f3351f9de351487ec098d5bcf8f527a6468f985ef69a9aa82bfc54
Testnet,Private Positions,Position Manager,CDI4D6XLET4JGJ5OSHEONR5525H4M5ESH4JVPJVUEY5HWJQG6ECZIR3R,open_position,2026-07-09 18:40:56,Success,GCZTDHO2FG2ABMQ46ON2MN262Z7RXD7TRA2QWGGKQIZVT7ZXK6AUJ3TH,Deployer,5759421e5773c80c2f57aa12284aec921a267e4450407c46eeff49c6b6ff2d44,https://stellar.expert/explorer/testnet/tx/5759421e5773c80c2f57aa12284aec921a267e4450407c46eeff49c6b6ff2d44
Testnet,Oracle,Oracle (V1),CCOMO6TGGWTBK463TXZPMG5IO26WUN6W4D4NO7TP4QKL7RTL5OUVSHCE,set_price,2026-07-09 18:41:06,Success,GCZTDHO2FG2ABMQ46ON2MN262Z7RXD7TRA2QWGGKQIZVT7ZXK6AUJ3TH,Deployer,d3296a3ef0bf89a081de70d3bc611abaf4329e8c2b430f231a01a6d8a4deac4d,https://stellar.expert/explorer/testnet/tx/d3296a3ef0bf89a081de70d3bc611abaf4329e8c2b430f231a01a6d8a4deac4d
Testnet,Private Positions,Position Manager,CDI4D6XLET4JGJ5OSHEONR5525H4M5ESH4JVPJVUEY5HWJQG6ECZIR3R,attest_health,2026-07-09 18:41:16,Success,GCZTDHO2FG2ABMQ46ON2MN262Z7RXD7TRA2QWGGKQIZVT7ZXK6AUJ3TH,Deployer,892af798415e546697ea4be9099709748e0d381efe317cecac0eae0bfec3c2c0,https://stellar.expert/explorer/testnet/tx/892af798415e546697ea4be9099709748e0d381efe317cecac0eae0bfec3c2c0
Testnet,Liquidation,Liquidation Engine,CD5PHVNW6ST2GR2HJZBI6ZO2NR6LEU6T7AZYZOY57DVFDT4XAZIIPWOF,initiate_liquidation,2026-07-09 18:41:26,Success,GCZTDHO2FG2ABMQ46ON2MN262Z7RXD7TRA2QWGGKQIZVT7ZXK6AUJ3TH,Deployer,18015662ff72256177043b3fd5ff427e3a1b3b05fd02bdeb1ed7c8ab19f40909,https://stellar.expert/explorer/testnet/tx/18015662ff72256177043b3fd5ff427e3a1b3b05fd02bdeb1ed7c8ab19f40909
Testnet,Liquidation,Liquidation Engine,CD5PHVNW6ST2GR2HJZBI6ZO2NR6LEU6T7AZYZOY57DVFDT4XAZIIPWOF,reveal_and_seize,2026-07-09 18:41:36,Success,GCZTDHO2FG2ABMQ46ON2MN262Z7RXD7TRA2QWGGKQIZVT7ZXK6AUJ3TH,Deployer,eca556694793b5619c0d00490e8b5db15e9644b69c56665877a6006dcff6ce44,https://stellar.expert/explorer/testnet/tx/eca556694793b5619c0d00490e8b5db15e9644b69c56665877a6006dcff6ce44
Testnet,Oracle,Oracle (V1),CCOMO6TGGWTBK463TXZPMG5IO26WUN6W4D4NO7TP4QKL7RTL5OUVSHCE,set_price,2026-07-09 18:43:31,Success,GCZTDHO2FG2ABMQ46ON2MN262Z7RXD7TRA2QWGGKQIZVT7ZXK6AUJ3TH,Deployer,176a39fea6239fac5fc738c02eaa72bd9afe41b0b58e0aeed90c5f1a77227c16,https://stellar.expert/explorer/testnet/tx/176a39fea6239fac5fc738c02eaa72bd9afe41b0b58e0aeed90c5f1a77227c16
Testnet,Core Pool,Shielded Pool (V1),CCSNQSFEH54DJYAIHIBLO7X4KI2VLH3RU2ATNPZB6M72RBMKBN3XHRA2,deposit,2026-07-09 18:44:01,Success,GCZTDHO2FG2ABMQ46ON2MN262Z7RXD7TRA2QWGGKQIZVT7ZXK6AUJ3TH,Deployer,fe761f60f36e31f09db5b1d179bc1a314cfa27a87cb9c6063ed8afd3cd6d9e41,https://stellar.expert/explorer/testnet/tx/fe761f60f36e31f09db5b1d179bc1a314cfa27a87cb9c6063ed8afd3cd6d9e41
Testnet,Oracle,Oracle (V1),CCOMO6TGGWTBK463TXZPMG5IO26WUN6W4D4NO7TP4QKL7RTL5OUVSHCE,set_price,2026-07-09 18:45:21,Success,GCZTDHO2FG2ABMQ46ON2MN262Z7RXD7TRA2QWGGKQIZVT7ZXK6AUJ3TH,Deployer,14aee9e8d1d1168b04c89e0d0cbc9f33d0eb712abd9ab09b0eee2251ce17c94e,https://stellar.expert/explorer/testnet/tx/14aee9e8d1d1168b04c89e0d0cbc9f33d0eb712abd9ab09b0eee2251ce17c94e
Testnet,Core Pool,Shielded Pool (V1),CCSNQSFEH54DJYAIHIBLO7X4KI2VLH3RU2ATNPZB6M72RBMKBN3XHRA2,deposit,2026-07-09 18:45:56,Success,GCZTDHO2FG2ABMQ46ON2MN262Z7RXD7TRA2QWGGKQIZVT7ZXK6AUJ3TH,Deployer,d9178cf49fecbc71f69e6c5355f6d606b106b1ac85636d0185497012ee77e738,https://stellar.expert/explorer/testnet/tx/d9178cf49fecbc71f69e6c5355f6d606b106b1ac85636d0185497012ee77e738
Testnet,Private Positions,Position Manager,CDI4D6XLET4JGJ5OSHEONR5525H4M5ESH4JVPJVUEY5HWJQG6ECZIR3R,open_position,2026-07-09 18:46:26,Success,GCZTDHO2FG2ABMQ46ON2MN262Z7RXD7TRA2QWGGKQIZVT7ZXK6AUJ3TH,Deployer,14cde6616f356562e90303bfaaeb7b5e0c6460a898d682079a734f8162bb9265,https://stellar.expert/explorer/testnet/tx/14cde6616f356562e90303bfaaeb7b5e0c6460a898d682079a734f8162bb9265
Testnet,Oracle,Oracle (V1),CCOMO6TGGWTBK463TXZPMG5IO26WUN6W4D4NO7TP4QKL7RTL5OUVSHCE,set_price,2026-07-09 18:46:36,Success,GCZTDHO2FG2ABMQ46ON2MN262Z7RXD7TRA2QWGGKQIZVT7ZXK6AUJ3TH,Deployer,8da0c0d40b894d088415ef64f1bb2013ef771d60107d217049fe69b7fc3d8e80,https://stellar.expert/explorer/testnet/tx/8da0c0d40b894d088415ef64f1bb2013ef771d60107d217049fe69b7fc3d8e80
Testnet,Private Positions,Position Manager,CDI4D6XLET4JGJ5OSHEONR5525H4M5ESH4JVPJVUEY5HWJQG6ECZIR3R,attest_health,2026-07-09 18:46:46,Success,GCZTDHO2FG2ABMQ46ON2MN262Z7RXD7TRA2QWGGKQIZVT7ZXK6AUJ3TH,Deployer,fbd567a53eb99e278410420b7d25eb0534f8eec89dd26f4a3f2e1f2df633a77d,https://stellar.expert/explorer/testnet/tx/fbd567a53eb99e278410420b7d25eb0534f8eec89dd26f4a3f2e1f2df633a77d
Testnet,Oracle,Oracle (V1),CCOMO6TGGWTBK463TXZPMG5IO26WUN6W4D4NO7TP4QKL7RTL5OUVSHCE,set_price,2026-07-09 20:07:54,Success,GCZTDHO2FG2ABMQ46ON2MN262Z7RXD7TRA2QWGGKQIZVT7ZXK6AUJ3TH,Deployer,8c246836fc5a8589770baff767f5b6a26e23b3d662050d2243b86eb081c02913,https://stellar.expert/explorer/testnet/tx/8c246836fc5a8589770baff767f5b6a26e23b3d662050d2243b86eb081c02913
Testnet,Core Pool,Shielded Pool (V1),CCSNQSFEH54DJYAIHIBLO7X4KI2VLH3RU2ATNPZB6M72RBMKBN3XHRA2,deposit,2026-07-09 20:08:24,Success,GCZTDHO2FG2ABMQ46ON2MN262Z7RXD7TRA2QWGGKQIZVT7ZXK6AUJ3TH,Deployer,619f2735b175c7d5f423a1cd05b14917b121efcb95426c9aa2e80d762493a1db,https://stellar.expert/explorer/testnet/tx/619f2735b175c7d5f423a1cd05b14917b121efcb95426c9aa2e80d762493a1db
Testnet,Oracle,Oracle (V1),CCOMO6TGGWTBK463TXZPMG5IO26WUN6W4D4NO7TP4QKL7RTL5OUVSHCE,set_price,2026-07-09 20:10:30,Success,GCZTDHO2FG2ABMQ46ON2MN262Z7RXD7TRA2QWGGKQIZVT7ZXK6AUJ3TH,Deployer,889e25e275d5b3963733ca105aa4e94fc5d3ffa31a4f8eb1e6911453ed001780,https://stellar.expert/explorer/testnet/tx/889e25e275d5b3963733ca105aa4e94fc5d3ffa31a4f8eb1e6911453ed001780
Testnet,Core Pool,Shielded Pool (V1),CCSNQSFEH54DJYAIHIBLO7X4KI2VLH3RU2ATNPZB6M72RBMKBN3XHRA2,deposit,2026-07-09 20:11:00,Success,GCZTDHO2FG2ABMQ46ON2MN262Z7RXD7TRA2QWGGKQIZVT7ZXK6AUJ3TH,Deployer,a6c1ada408edf70b06656fc3f8eaee58ba9548c4aa642dd96eaca607d5f7ced9,https://stellar.expert/explorer/testnet/tx/a6c1ada408edf70b06656fc3f8eaee58ba9548c4aa642dd96eaca607d5f7ced9
Testnet,Oracle,Oracle (V1),CCOMO6TGGWTBK463TXZPMG5IO26WUN6W4D4NO7TP4QKL7RTL5OUVSHCE,set_price,2026-07-09 20:14:45,Success,GCZTDHO2FG2ABMQ46ON2MN262Z7RXD7TRA2QWGGKQIZVT7ZXK6AUJ3TH,Deployer,d06de948e9ff563cacbcae2c9ec6e6c1697bb96d0c8b892d13db324ba0c46e8f,https://stellar.expert/explorer/testnet/tx/d06de948e9ff563cacbcae2c9ec6e6c1697bb96d0c8b892d13db324ba0c46e8f
Testnet,Core Pool,Shielded Pool (V1),CCSNQSFEH54DJYAIHIBLO7X4KI2VLH3RU2ATNPZB6M72RBMKBN3XHRA2,deposit,2026-07-09 20:15:15,Success,GCZTDHO2FG2ABMQ46ON2MN262Z7RXD7TRA2QWGGKQIZVT7ZXK6AUJ3TH,Deployer,a0aa7472eba3346c173d73cacd63bd1f81ea49f1896482f80b7b72277e399644,https://stellar.expert/explorer/testnet/tx/a0aa7472eba3346c173d73cacd63bd1f81ea49f1896482f80b7b72277e399644
Testnet,Private Positions,Position Manager,CDI4D6XLET4JGJ5OSHEONR5525H4M5ESH4JVPJVUEY5HWJQG6ECZIR3R,open_position,2026-07-09 20:15:45,Success,GCZTDHO2FG2ABMQ46ON2MN262Z7RXD7TRA2QWGGKQIZVT7ZXK6AUJ3TH,Deployer,74fe2b00a47264ec0eda11720784debf9941ee14be8188f3777e4d2805944530,https://stellar.expert/explorer/testnet/tx/74fe2b00a47264ec0eda11720784debf9941ee14be8188f3777e4d2805944530
Testnet,Oracle,Oracle (V1),CCOMO6TGGWTBK463TXZPMG5IO26WUN6W4D4NO7TP4QKL7RTL5OUVSHCE,set_price,2026-07-09 20:15:55,Success,GCZTDHO2FG2ABMQ46ON2MN262Z7RXD7TRA2QWGGKQIZVT7ZXK6AUJ3TH,Deployer,90bef095e3d7da2a7ebae70ea0ffc8f63dec65e3626f7f3aacf10d715ae91749,https://stellar.expert/explorer/testnet/tx/90bef095e3d7da2a7ebae70ea0ffc8f63dec65e3626f7f3aacf10d715ae91749
Testnet,Private Positions,Position Manager,CDI4D6XLET4JGJ5OSHEONR5525H4M5ESH4JVPJVUEY5HWJQG6ECZIR3R,attest_health,2026-07-09 20:16:05,Success,GCZTDHO2FG2ABMQ46ON2MN262Z7RXD7TRA2QWGGKQIZVT7ZXK6AUJ3TH,Deployer,3ec0a99b48b73766e1a5c3a05b3f7d736c0924bbf4246b22c6a427c2b881971b,https://stellar.expert/explorer/testnet/tx/3ec0a99b48b73766e1a5c3a05b3f7d736c0924bbf4246b22c6a427c2b881971b
Testnet,Private Positions,Position Manager,CDI4D6XLET4JGJ5OSHEONR5525H4M5ESH4JVPJVUEY5HWJQG6ECZIR3R,close_or_modify_position,2026-07-09 20:16:20,Success,GCZTDHO2FG2ABMQ46ON2MN262Z7RXD7TRA2QWGGKQIZVT7ZXK6AUJ3TH,Deployer,2a79458247d3a304e0d8804e7907592945699b46ea1e95678b231f9b58a72764,https://stellar.expert/explorer/testnet/tx/2a79458247d3a304e0d8804e7907592945699b46ea1e95678b231f9b58a72764
Testnet,Hidden Orders,Hidden Order Registry,CDSRTHPGKS2A5CVA6KEPI5HHXO55N6PTDTVCO5GHDUNZ3AWTZREX7FNF,commit_order,2026-07-10 07:07:19,Success,GCZTDHO2FG2ABMQ46ON2MN262Z7RXD7TRA2QWGGKQIZVT7ZXK6AUJ3TH,Deployer,6f265343d90a3529e9311080a0270ec6f89c1039338ee47ac830c65807b56efa,https://stellar.expert/explorer/testnet/tx/6f265343d90a3529e9311080a0270ec6f89c1039338ee47ac830c65807b56efa
Testnet,Hidden Orders,Hidden Order Registry,CDSRTHPGKS2A5CVA6KEPI5HHXO55N6PTDTVCO5GHDUNZ3AWTZREX7FNF,reveal_and_execute,2026-07-10 07:07:34,Success,GCZTDHO2FG2ABMQ46ON2MN262Z7RXD7TRA2QWGGKQIZVT7ZXK6AUJ3TH,Deployer,3ca1491711c6313d94ed0bd0a764b2964b07da924d16c4b32cf5b83b9fb6da6a,https://stellar.expert/explorer/testnet/tx/3ca1491711c6313d94ed0bd0a764b2964b07da924d16c4b32cf5b83b9fb6da6a
Testnet,Agentic Settlement,Agentic Settlement Hub,CBRI4ZGER6ZZF3HJTJ6ECBRYA6VTFSO4RVLCTZ6Q54JLV7NPKVBHKTY5,create_quest,2026-07-10 07:08:44,Success,GCZTDHO2FG2ABMQ46ON2MN262Z7RXD7TRA2QWGGKQIZVT7ZXK6AUJ3TH,Deployer,000974d96cae5f5ec91439e2e4590678158cf90f0b14a4be9182e0c4c20774b6,https://stellar.expert/explorer/testnet/tx/000974d96cae5f5ec91439e2e4590678158cf90f0b14a4be9182e0c4c20774b6
Testnet,Agentic Settlement,Agentic Settlement Hub,CBRI4ZGER6ZZF3HJTJ6ECBRYA6VTFSO4RVLCTZ6Q54JLV7NPKVBHKTY5,claim_quest,2026-07-10 07:08:54,Success,GCZTDHO2FG2ABMQ46ON2MN262Z7RXD7TRA2QWGGKQIZVT7ZXK6AUJ3TH,Deployer,98e6c237dd1fe62bdc49757dea66333ac400334c66047725918c5acc151c59c1,https://stellar.expert/explorer/testnet/tx/98e6c237dd1fe62bdc49757dea66333ac400334c66047725918c5acc151c59c1
Testnet,Private Positions,Position Manager,CDI4D6XLET4JGJ5OSHEONR5525H4M5ESH4JVPJVUEY5HWJQG6ECZIR3R,upgrade,2026-07-10 11:38:05,Success,GCZTDHO2FG2ABMQ46ON2MN262Z7RXD7TRA2QWGGKQIZVT7ZXK6AUJ3TH,Deployer,64e1939ac71b9740c686894fd576ba96367d08e37339cba083f267a7bfc2db70,https://stellar.expert/explorer/testnet/tx/64e1939ac71b9740c686894fd576ba96367d08e37339cba083f267a7bfc2db70
Testnet,ZK Verification,Groth16 Verifier (V1),CCIKM7S5MHZKXB2OHAZ5ORAI2F7XZMLLUGTLLN5CJ646DYENIHJ2I3F6,set_vk,2026-07-10 15:00:06,Success,GCZTDHO2FG2ABMQ46ON2MN262Z7RXD7TRA2QWGGKQIZVT7ZXK6AUJ3TH,Deployer,3680275f2e1a65be2a707244191b1f3be0186c6cf60e19d094d037732b326a31,https://stellar.expert/explorer/testnet/tx/3680275f2e1a65be2a707244191b1f3be0186c6cf60e19d094d037732b326a31
Testnet,ZK Verification,Groth16 Verifier (V1),CCIKM7S5MHZKXB2OHAZ5ORAI2F7XZMLLUGTLLN5CJ646DYENIHJ2I3F6,set_vk,2026-07-10 15:00:16,Success,GCZTDHO2FG2ABMQ46ON2MN262Z7RXD7TRA2QWGGKQIZVT7ZXK6AUJ3TH,Deployer,8292ad267c9907307456136b2c9f052aff5246594176b2e7bc559bd4c9eb7ecc,https://stellar.expert/explorer/testnet/tx/8292ad267c9907307456136b2c9f052aff5246594176b2e7bc559bd4c9eb7ecc
Testnet,ZK Verification,Groth16 Verifier (V1),CCIKM7S5MHZKXB2OHAZ5ORAI2F7XZMLLUGTLLN5CJ646DYENIHJ2I3F6,set_vk,2026-07-10 15:00:26,Success,GCZTDHO2FG2ABMQ46ON2MN262Z7RXD7TRA2QWGGKQIZVT7ZXK6AUJ3TH,Deployer,fb563f397bd361686564b518de2f926e489f5d35f521b9079f0d19801cf7b5d0,https://stellar.expert/explorer/testnet/tx/fb563f397bd361686564b518de2f926e489f5d35f521b9079f0d19801cf7b5d0
Testnet,ZK Verification,Groth16 Verifier (V1),CCIKM7S5MHZKXB2OHAZ5ORAI2F7XZMLLUGTLLN5CJ646DYENIHJ2I3F6,set_vk,2026-07-10 15:00:36,Success,GCZTDHO2FG2ABMQ46ON2MN262Z7RXD7TRA2QWGGKQIZVT7ZXK6AUJ3TH,Deployer,f50e3d8166f5add8058cc87453b66b2a75b135bf0bfa3fd76488beb4c35dd8d1,https://stellar.expert/explorer/testnet/tx/f50e3d8166f5add8058cc87453b66b2a75b135bf0bfa3fd76488beb4c35dd8d1
Testnet,ZK Verification,Groth16 Verifier (V1),CCIKM7S5MHZKXB2OHAZ5ORAI2F7XZMLLUGTLLN5CJ646DYENIHJ2I3F6,set_vk,2026-07-10 15:00:46,Success,GCZTDHO2FG2ABMQ46ON2MN262Z7RXD7TRA2QWGGKQIZVT7ZXK6AUJ3TH,Deployer,aecad587686aee31faecc2ab12ddd91090f3e70c005d09bcd4c8a5663dbdc442,https://stellar.expert/explorer/testnet/tx/aecad587686aee31faecc2ab12ddd91090f3e70c005d09bcd4c8a5663dbdc442
Testnet,ZK Verification,Groth16 Verifier (V1),CCIKM7S5MHZKXB2OHAZ5ORAI2F7XZMLLUGTLLN5CJ646DYENIHJ2I3F6,set_vk,2026-07-10 15:00:56,Success,GCZTDHO2FG2ABMQ46ON2MN262Z7RXD7TRA2QWGGKQIZVT7ZXK6AUJ3TH,Deployer,1d07bb43193ec747c22b26cdae1bb780ec63e10d7648b19df60a5d7241302c45,https://stellar.expert/explorer/testnet/tx/1d07bb43193ec747c22b26cdae1bb780ec63e10d7648b19df60a5d7241302c45
Testnet,ZK Verification,Groth16 Verifier (V1),CCIKM7S5MHZKXB2OHAZ5ORAI2F7XZMLLUGTLLN5CJ646DYENIHJ2I3F6,set_vk,2026-07-10 15:01:11,Success,GCZTDHO2FG2ABMQ46ON2MN262Z7RXD7TRA2QWGGKQIZVT7ZXK6AUJ3TH,Deployer,d582b1a17b461e0de62788ffdd40ea3074139ec60306a1fe3c620079dbe9c497,https://stellar.expert/explorer/testnet/tx/d582b1a17b461e0de62788ffdd40ea3074139ec60306a1fe3c620079dbe9c497
Testnet,ZK Verification,Groth16 Verifier (V1),CCIKM7S5MHZKXB2OHAZ5ORAI2F7XZMLLUGTLLN5CJ646DYENIHJ2I3F6,set_vk,2026-07-10 15:01:21,Success,GCZTDHO2FG2ABMQ46ON2MN262Z7RXD7TRA2QWGGKQIZVT7ZXK6AUJ3TH,Deployer,39c955e243894e6cc8d13b6ea400087f734a8b5b7641a29a64c449f0de816d7a,https://stellar.expert/explorer/testnet/tx/39c955e243894e6cc8d13b6ea400087f734a8b5b7641a29a64c449f0de816d7a
Testnet,ZK Verification,Groth16 Verifier (V1),CCIKM7S5MHZKXB2OHAZ5ORAI2F7XZMLLUGTLLN5CJ646DYENIHJ2I3F6,set_vk,2026-07-10 15:01:31,Success,GCZTDHO2FG2ABMQ46ON2MN262Z7RXD7TRA2QWGGKQIZVT7ZXK6AUJ3TH,Deployer,5d8f9dc7de000dc25a296c4b3e568208251b92fd4009c99c7a444fbad2258667,https://stellar.expert/explorer/testnet/tx/5d8f9dc7de000dc25a296c4b3e568208251b92fd4009c99c7a444fbad2258667
Testnet,ZK Verification,Groth16 Verifier (V1),CCIKM7S5MHZKXB2OHAZ5ORAI2F7XZMLLUGTLLN5CJ646DYENIHJ2I3F6,set_vk,2026-07-10 15:18:33,Success,GCZTDHO2FG2ABMQ46ON2MN262Z7RXD7TRA2QWGGKQIZVT7ZXK6AUJ3TH,Deployer,c3cb6f9875a765b9fedd0a5a8ca12b4803bfa35442f036d68c288ddadbbd5c7b,https://stellar.expert/explorer/testnet/tx/c3cb6f9875a765b9fedd0a5a8ca12b4803bfa35442f036d68c288ddadbbd5c7b
Testnet,ZK Verification,Groth16 Verifier (V1),CCIKM7S5MHZKXB2OHAZ5ORAI2F7XZMLLUGTLLN5CJ646DYENIHJ2I3F6,set_vk,2026-07-10 15:18:43,Success,GCZTDHO2FG2ABMQ46ON2MN262Z7RXD7TRA2QWGGKQIZVT7ZXK6AUJ3TH,Deployer,687d63aecc4f95273ebe2a12662fff1d197c21812a0f092c174b66bd62d5bd52,https://stellar.expert/explorer/testnet/tx/687d63aecc4f95273ebe2a12662fff1d197c21812a0f092c174b66bd62d5bd52
Testnet,ZK Verification,Groth16 Verifier (V1),CCIKM7S5MHZKXB2OHAZ5ORAI2F7XZMLLUGTLLN5CJ646DYENIHJ2I3F6,set_vk,2026-07-10 15:18:53,Success,GCZTDHO2FG2ABMQ46ON2MN262Z7RXD7TRA2QWGGKQIZVT7ZXK6AUJ3TH,Deployer,6dd2013089c9b15a3ef8be4de7fb3050bca9d92a7fc98b4ff63fecddbe87bca7,https://stellar.expert/explorer/testnet/tx/6dd2013089c9b15a3ef8be4de7fb3050bca9d92a7fc98b4ff63fecddbe87bca7
Testnet,ZK Verification,Groth16 Verifier (V1),CCIKM7S5MHZKXB2OHAZ5ORAI2F7XZMLLUGTLLN5CJ646DYENIHJ2I3F6,set_vk,2026-07-10 15:19:03,Success,GCZTDHO2FG2ABMQ46ON2MN262Z7RXD7TRA2QWGGKQIZVT7ZXK6AUJ3TH,Deployer,d67d0685123528423bcf85b559dda37e0103147e89e1cb8c28a707826cb6f16c,https://stellar.expert/explorer/testnet/tx/d67d0685123528423bcf85b559dda37e0103147e89e1cb8c28a707826cb6f16c
Testnet,ZK Verification,Groth16 Verifier (V1),CCIKM7S5MHZKXB2OHAZ5ORAI2F7XZMLLUGTLLN5CJ646DYENIHJ2I3F6,set_vk,2026-07-10 15:19:13,Success,GCZTDHO2FG2ABMQ46ON2MN262Z7RXD7TRA2QWGGKQIZVT7ZXK6AUJ3TH,Deployer,8fd64c8fd9c7078bdaa98f1cddde2d4e95a123b912d5f33af302238abe0ce2d4,https://stellar.expert/explorer/testnet/tx/8fd64c8fd9c7078bdaa98f1cddde2d4e95a123b912d5f33af302238abe0ce2d4
Testnet,ZK Verification,Groth16 Verifier (V1),CCIKM7S5MHZKXB2OHAZ5ORAI2F7XZMLLUGTLLN5CJ646DYENIHJ2I3F6,set_vk,2026-07-10 15:19:23,Success,GCZTDHO2FG2ABMQ46ON2MN262Z7RXD7TRA2QWGGKQIZVT7ZXK6AUJ3TH,Deployer,d76232a8229e309a886e3c7e9efb45b8a30f45413a59c9a117b608fcda058cd0,https://stellar.expert/explorer/testnet/tx/d76232a8229e309a886e3c7e9efb45b8a30f45413a59c9a117b608fcda058cd0
Testnet,ZK Verification,Groth16 Verifier (V1),CCIKM7S5MHZKXB2OHAZ5ORAI2F7XZMLLUGTLLN5CJ646DYENIHJ2I3F6,set_vk,2026-07-10 15:19:33,Success,GCZTDHO2FG2ABMQ46ON2MN262Z7RXD7TRA2QWGGKQIZVT7ZXK6AUJ3TH,Deployer,3c7368de07e0914d18e3796c2e7686863bdf68ce7f49b2054930db22f2e49e5f,https://stellar.expert/explorer/testnet/tx/3c7368de07e0914d18e3796c2e7686863bdf68ce7f49b2054930db22f2e49e5f
Testnet,ZK Verification,Groth16 Verifier (V1),CCIKM7S5MHZKXB2OHAZ5ORAI2F7XZMLLUGTLLN5CJ646DYENIHJ2I3F6,set_vk,2026-07-10 15:19:43,Success,GCZTDHO2FG2ABMQ46ON2MN262Z7RXD7TRA2QWGGKQIZVT7ZXK6AUJ3TH,Deployer,e65b0ad545fe4c7e0b4fc247605c03878c5b9ab0a1f8b45a905577662ec53d6c,https://stellar.expert/explorer/testnet/tx/e65b0ad545fe4c7e0b4fc247605c03878c5b9ab0a1f8b45a905577662ec53d6c
Testnet,ZK Verification,Groth16 Verifier (V1),CCIKM7S5MHZKXB2OHAZ5ORAI2F7XZMLLUGTLLN5CJ646DYENIHJ2I3F6,set_vk,2026-07-10 15:19:53,Success,GCZTDHO2FG2ABMQ46ON2MN262Z7RXD7TRA2QWGGKQIZVT7ZXK6AUJ3TH,Deployer,b1d45150992af19f9855959c316a3a595311d57f2b73380e9707979fcbb6d3d9,https://stellar.expert/explorer/testnet/tx/b1d45150992af19f9855959c316a3a595311d57f2b73380e9707979fcbb6d3d9
Testnet,Private Positions,Position Manager,CDI4D6XLET4JGJ5OSHEONR5525H4M5ESH4JVPJVUEY5HWJQG6ECZIR3R,upgrade,2026-07-10 16:04:13,Success,GCZTDHO2FG2ABMQ46ON2MN262Z7RXD7TRA2QWGGKQIZVT7ZXK6AUJ3TH,Deployer,e1af539a87a6639c99a363460b3d3dc371bd94fbd2f1dff9d264b8c10ccb5168,https://stellar.expert/explorer/testnet/tx/e1af539a87a6639c99a363460b3d3dc371bd94fbd2f1dff9d264b8c10ccb5168
Testnet,ZK Verification,Groth16 Verifier (V2 Jul),CA7VKFZRWSYIZTW34QXQCQJGON5R4PQSJGTUKJQIHLCCUILVGRI55PEP,initialize,2026-07-11 10:34:39,Success,GA7QKKGRKCKTLZ67ZMXI7U6VEG5LPFLNEFPDKAN5Z6WSDHOBJHAXMWEC,Deployer (V2 Jul),d52300717fb9e2463cf937d58e17421da55ee292a78c055000cb9cf3e5951ac1,https://stellar.expert/explorer/testnet/tx/d52300717fb9e2463cf937d58e17421da55ee292a78c055000cb9cf3e5951ac1
Testnet,Core Pool,Shielded Pool (V2 Jul),CBUNTVFHCNN5CYNA3TLTSWPVYX5ED5V6W6X3Y5EAHUOZYJRUPYNAX33A,initialize_v2,2026-07-11 10:35:04,Success,GA7QKKGRKCKTLZ67ZMXI7U6VEG5LPFLNEFPDKAN5Z6WSDHOBJHAXMWEC,Deployer (V2 Jul),0ea01cb75593dce624027ef0229aa2be6fcc756ea99d1738159b68a25767a00b,https://stellar.expert/explorer/testnet/tx/0ea01cb75593dce624027ef0229aa2be6fcc756ea99d1738159b68a25767a00b
Testnet,ZK Verification,Groth16 Verifier (V2 Jul),CA7VKFZRWSYIZTW34QXQCQJGON5R4PQSJGTUKJQIHLCCUILVGRI55PEP,set_vk,2026-07-11 10:35:09,Success,GA7QKKGRKCKTLZ67ZMXI7U6VEG5LPFLNEFPDKAN5Z6WSDHOBJHAXMWEC,Deployer (V2 Jul),ba806a8b14f2e1ab09f34a5031c2636dfd6979117ba3e44b1c37a5d9411074ed,https://stellar.expert/explorer/testnet/tx/ba806a8b14f2e1ab09f34a5031c2636dfd6979117ba3e44b1c37a5d9411074ed
Testnet,ZK Verification,Groth16 Verifier (V2 Jul),CA7VKFZRWSYIZTW34QXQCQJGON5R4PQSJGTUKJQIHLCCUILVGRI55PEP,set_vk,2026-07-11 10:35:14,Success,GA7QKKGRKCKTLZ67ZMXI7U6VEG5LPFLNEFPDKAN5Z6WSDHOBJHAXMWEC,Deployer (V2 Jul),1749882fd692d3d957bcaa69235c2669fea945d1c132de6de63b73fe64d30768,https://stellar.expert/explorer/testnet/tx/1749882fd692d3d957bcaa69235c2669fea945d1c132de6de63b73fe64d30768
Testnet,Core Pool,Shielded Pool (V2 Jul),CBUNTVFHCNN5CYNA3TLTSWPVYX5ED5V6W6X3Y5EAHUOZYJRUPYNAX33A,deposit_v2,2026-07-11 10:40:49,Success,GCKZT7GGSNOBRTUATE5BS74735GLWQPBQ6YJNNFTHNUBG6Y6NIBXLQGD,User Wallet A,61b63a1b93114eb929eaf82326980d74bf655f15c1597a52eec6e2b7b30c5812,https://stellar.expert/explorer/testnet/tx/61b63a1b93114eb929eaf82326980d74bf655f15c1597a52eec6e2b7b30c5812
Testnet,Core Pool,Shielded Pool (V2 Jul),CBUNTVFHCNN5CYNA3TLTSWPVYX5ED5V6W6X3Y5EAHUOZYJRUPYNAX33A,deposit_v2,2026-07-11 10:41:59,Success,GAO5P3HWMBXRCV5HR7ZH73AW6JMYTIGC6KQWCJ33HSJCST7AXLF2PJEH,User Wallet B,32d56cc87e96151ad7ba07cb600ef5a7d290a60f590c0f514d3cb60faabf88c9,https://stellar.expert/explorer/testnet/tx/32d56cc87e96151ad7ba07cb600ef5a7d290a60f590c0f514d3cb60faabf88c9
Testnet,Core Pool,Shielded Pool (V2 Jul),CBUNTVFHCNN5CYNA3TLTSWPVYX5ED5V6W6X3Y5EAHUOZYJRUPYNAX33A,deposit_v2,2026-07-11 10:42:34,Success,GD7YU6LP2FV4OYPXK63VNK2UEDVAZWXMLQV4HYGRYAM7ESH4NHZMVXTV,User Wallet C,7e8d5f4cf83bd08c1632efea3635bf9aaf90a658990cbeb76cd2b69bcebbacf1,https://stellar.expert/explorer/testnet/tx/7e8d5f4cf83bd08c1632efea3635bf9aaf90a658990cbeb76cd2b69bcebbacf1
Testnet,Core Pool,Shielded Pool (V2 Jul),CBUNTVFHCNN5CYNA3TLTSWPVYX5ED5V6W6X3Y5EAHUOZYJRUPYNAX33A,deposit_v2,2026-07-11 10:43:05,Success,GAXLWWDBYD23TVEZ5IQXPHDAKK75BT6XGUTISXYIIFWBGFOUHD5T3U7L,User Wallet D,d820eb88c3dbe1283e243e451060e84cbdd848030b48278f850feab6bf602584,https://stellar.expert/explorer/testnet/tx/d820eb88c3dbe1283e243e451060e84cbdd848030b48278f850feab6bf602584
Testnet,Core Pool,Shielded Pool (V2 Jul),CBUNTVFHCNN5CYNA3TLTSWPVYX5ED5V6W6X3Y5EAHUOZYJRUPYNAX33A,deposit_v2,2026-07-11 10:43:35,Success,GBXPBDJQ7ZYP3M4EZO2YSASQR2F4WMKTZW4QLTYUD4SCQNCTWYM43OUP,User Wallet E,65e3852df991dc52611f95693c24f3e3becee35b14defa5ffc58477938575e54,https://stellar.expert/explorer/testnet/tx/65e3852df991dc52611f95693c24f3e3becee35b14defa5ffc58477938575e54
Testnet,Core Pool,Shielded Pool (V2 Jul),CBUNTVFHCNN5CYNA3TLTSWPVYX5ED5V6W6X3Y5EAHUOZYJRUPYNAX33A,withdraw_v2,2026-07-11 10:44:00,Success,GC2DCWJ4NWLWRWWJ5UMHOWNL6MHIDIEZDL33PP2XZPJA3KK6UJWLD6OI,Relayer,62f9452c9868309d509fc421848f0ff61d9f9ed3f42b589a596dac324126c873,https://stellar.expert/explorer/testnet/tx/62f9452c9868309d509fc421848f0ff61d9f9ed3f42b589a596dac324126c873
Testnet,Core Pool,Shielded Pool (V2 Jul),CBUNTVFHCNN5CYNA3TLTSWPVYX5ED5V6W6X3Y5EAHUOZYJRUPYNAX33A,deposit_v2,2026-07-11 17:15:08,Success,GBMH5RK4SK4LWMU3I4WFIEMTJXRK6GI44W3U5NCFOTWMQX32OCNQWCEF,User Wallet F,87a0fb6b72cd3ee5709d05aa879717c295e26846e1b0f601f77908271b2f0fbf,https://stellar.expert/explorer/testnet/tx/87a0fb6b72cd3ee5709d05aa879717c295e26846e1b0f601f77908271b2f0fbf
Testnet,Core Pool,Shielded Pool (V2 Jul),CBUNTVFHCNN5CYNA3TLTSWPVYX5ED5V6W6X3Y5EAHUOZYJRUPYNAX33A,withdraw_v2,2026-07-11 17:17:58,Success,GC2DCWJ4NWLWRWWJ5UMHOWNL6MHIDIEZDL33PP2XZPJA3KK6UJWLD6OI,Relayer,c649b545db2809e76dfb0648c1f29dae6d47c70be5ebf7f638bd2d1aa4be1abc,https://stellar.expert/explorer/testnet/tx/c649b545db2809e76dfb0648c1f29dae6d47c70be5ebf7f638bd2d1aa4be1abc
Testnet,Core Pool,Shielded Pool (V2 Jul),CBUNTVFHCNN5CYNA3TLTSWPVYX5ED5V6W6X3Y5EAHUOZYJRUPYNAX33A,withdraw_v2,2026-07-12 07:28:45,Success,GC2DCWJ4NWLWRWWJ5UMHOWNL6MHIDIEZDL33PP2XZPJA3KK6UJWLD6OI,Relayer,6d5d0b1f1a7c1a0c8122ef8bbd0a3158a85fc687aef5286207d37288fac76064,https://stellar.expert/explorer/testnet/tx/6d5d0b1f1a7c1a0c8122ef8bbd0a3158a85fc687aef5286207d37288fac76064
Testnet,Core Pool,Shielded Pool (V2 Jul),CBUNTVFHCNN5CYNA3TLTSWPVYX5ED5V6W6X3Y5EAHUOZYJRUPYNAX33A,withdraw_v2,2026-07-12 07:37:11,Success,GC2DCWJ4NWLWRWWJ5UMHOWNL6MHIDIEZDL33PP2XZPJA3KK6UJWLD6OI,Relayer,c61e294a513280c0153708fe3946429280b32dbaf56be277646906b12d7e7a29,https://stellar.expert/explorer/testnet/tx/c61e294a513280c0153708fe3946429280b32dbaf56be277646906b12d7e7a29
Testnet,Core Pool,Shielded Pool (V2 Jul),CBUNTVFHCNN5CYNA3TLTSWPVYX5ED5V6W6X3Y5EAHUOZYJRUPYNAX33A,withdraw_v2,2026-07-12 10:22:17,Success,GC2DCWJ4NWLWRWWJ5UMHOWNL6MHIDIEZDL33PP2XZPJA3KK6UJWLD6OI,Relayer,1b6c6e905fe5784915501e80ab2d6d8b9867355723533a9be96a2a0afe42a2dd,https://stellar.expert/explorer/testnet/tx/1b6c6e905fe5784915501e80ab2d6d8b9867355723533a9be96a2a0afe42a2dd
Testnet,ZK Verification,Groth16 Verifier (V2 Aug),CBRMDGEMQERFTG3MCBHYPHMZPKVMDYFGHJAMREQW23ZDKVAMAFDRJ2J5,initialize,2026-08-02 07:10:55,Success,GCZTDHO2FG2ABMQ46ON2MN262Z7RXD7TRA2QWGGKQIZVT7ZXK6AUJ3TH,Deployer,5244c2a8722a818ff6e783368a7e29b8dc0efaa7dbd418c8ccb0e845928e163b,https://stellar.expert/explorer/testnet/tx/5244c2a8722a818ff6e783368a7e29b8dc0efaa7dbd418c8ccb0e845928e163b
Testnet,Compliance,ASP Membership (V2 Aug),CD5DLTOIEAYA6CATHKELFAYRBOEFQN5TMADCEAURVZMMTYVD6Y5POCMO,initialize,2026-08-02 07:11:05,Success,GCZTDHO2FG2ABMQ46ON2MN262Z7RXD7TRA2QWGGKQIZVT7ZXK6AUJ3TH,Deployer,5f12b8dab33561afa7229ef5f810325a27a9d41cd12367dcc4fcaf3f5ea19b11,https://stellar.expert/explorer/testnet/tx/5f12b8dab33561afa7229ef5f810325a27a9d41cd12367dcc4fcaf3f5ea19b11
Testnet,Compliance,ASP Non-Membership (V2 Aug),CAYNUQUPVQF7K35LG4VKNBFUHVULAKN27CDBP4N7EVXXEAGICWVYB4WD,initialize,2026-08-02 07:11:15,Success,GCZTDHO2FG2ABMQ46ON2MN262Z7RXD7TRA2QWGGKQIZVT7ZXK6AUJ3TH,Deployer,e04a074cafdd515eab130dafd13f459ca99cbe0047260c0e872ff9506a9d005d,https://stellar.expert/explorer/testnet/tx/e04a074cafdd515eab130dafd13f459ca99cbe0047260c0e872ff9506a9d005d
Testnet,Core Pool,Shielded Pool (V2 Aug),CB6XFHGN4DMVEQRESJHPOUNYLUCGMOZTAIKTWH3I7KT3NVW2XY4NIOLC,initialize_v2,2026-08-02 07:11:25,Success,GCZTDHO2FG2ABMQ46ON2MN262Z7RXD7TRA2QWGGKQIZVT7ZXK6AUJ3TH,Deployer,f57424d356f33ceb162396cb3bef87f0af325a9daa033f56fd3315cf14d40916,https://stellar.expert/explorer/testnet/tx/f57424d356f33ceb162396cb3bef87f0af325a9daa033f56fd3315cf14d40916
Testnet,ZK Verification,Groth16 Verifier (V2 Aug),CBRMDGEMQERFTG3MCBHYPHMZPKVMDYFGHJAMREQW23ZDKVAMAFDRJ2J5,set_vk,2026-08-02 07:11:35,Success,GCZTDHO2FG2ABMQ46ON2MN262Z7RXD7TRA2QWGGKQIZVT7ZXK6AUJ3TH,Deployer,774ad4112098b818eff5b812e9e18589cf2d5bdc24c688a6bd4f527298cc36e0,https://stellar.expert/explorer/testnet/tx/774ad4112098b818eff5b812e9e18589cf2d5bdc24c688a6bd4f527298cc36e0
Testnet,ZK Verification,Groth16 Verifier (V2 Aug),CBRMDGEMQERFTG3MCBHYPHMZPKVMDYFGHJAMREQW23ZDKVAMAFDRJ2J5,set_vk,2026-08-02 07:11:45,Success,GCZTDHO2FG2ABMQ46ON2MN262Z7RXD7TRA2QWGGKQIZVT7ZXK6AUJ3TH,Deployer,84e407336d4ba6a2372bfbb0d368cc4ad07202f62b98bbd5fb3e2b792dda2c08,https://stellar.expert/explorer/testnet/tx/84e407336d4ba6a2372bfbb0d368cc4ad07202f62b98bbd5fb3e2b792dda2c08
Testnet,Compliance,ASP Membership (V2 Aug),CD5DLTOIEAYA6CATHKELFAYRBOEFQN5TMADCEAURVZMMTYVD6Y5POCMO,insert_leaf,2026-08-02 07:14:40,Success,GCZTDHO2FG2ABMQ46ON2MN262Z7RXD7TRA2QWGGKQIZVT7ZXK6AUJ3TH,Deployer,2f93b44ef3a107c65c92f5c64d574e216baba130c43c5db3925e30da95bb97b4,https://stellar.expert/explorer/testnet/tx/2f93b44ef3a107c65c92f5c64d574e216baba130c43c5db3925e30da95bb97b4
Testnet,Compliance,ASP Membership (V2 Aug),CD5DLTOIEAYA6CATHKELFAYRBOEFQN5TMADCEAURVZMMTYVD6Y5POCMO,insert_leaf,2026-08-02 07:15:00,Success,GCZTDHO2FG2ABMQ46ON2MN262Z7RXD7TRA2QWGGKQIZVT7ZXK6AUJ3TH,Deployer,988ef09976f84476ffbee2b89c1d9dcf8950ac9037f890b20d2225674fd14d61,https://stellar.expert/explorer/testnet/tx/988ef09976f84476ffbee2b89c1d9dcf8950ac9037f890b20d2225674fd14d61
Testnet,Compliance,ASP Membership (V2 Aug),CD5DLTOIEAYA6CATHKELFAYRBOEFQN5TMADCEAURVZMMTYVD6Y5POCMO,insert_leaf,2026-08-02 07:15:20,Success,GCZTDHO2FG2ABMQ46ON2MN262Z7RXD7TRA2QWGGKQIZVT7ZXK6AUJ3TH,Deployer,92daf321ba334adedd6fc3d1b564bf8f67c91af2f4a53113337af26e6f33eaf5,https://stellar.expert/explorer/testnet/tx/92daf321ba334adedd6fc3d1b564bf8f67c91af2f4a53113337af26e6f33eaf5
Testnet,Compliance,ASP Membership (V2 Aug),CD5DLTOIEAYA6CATHKELFAYRBOEFQN5TMADCEAURVZMMTYVD6Y5POCMO,insert_leaf,2026-08-02 07:15:40,Success,GCZTDHO2FG2ABMQ46ON2MN262Z7RXD7TRA2QWGGKQIZVT7ZXK6AUJ3TH,Deployer,47048393b6d7b4c3ed59cfa3c0b7da9df26e343d1cd7036e70f39b0ede847c11,https://stellar.expert/explorer/testnet/tx/47048393b6d7b4c3ed59cfa3c0b7da9df26e343d1cd7036e70f39b0ede847c11
Testnet,Compliance,ASP Membership (V2 Aug),CD5DLTOIEAYA6CATHKELFAYRBOEFQN5TMADCEAURVZMMTYVD6Y5POCMO,insert_leaf,2026-08-02 07:16:00,Success,GCZTDHO2FG2ABMQ46ON2MN262Z7RXD7TRA2QWGGKQIZVT7ZXK6AUJ3TH,Deployer,5bacf5efb743658e158ef74633d5ee4ee1f631bfc309a0e381ec4537ff8b8c37,https://stellar.expert/explorer/testnet/tx/5bacf5efb743658e158ef74633d5ee4ee1f631bfc309a0e381ec4537ff8b8c37
Testnet,ZK Verification,Groth16 Verifier (V2 Aug),CBRMDGEMQERFTG3MCBHYPHMZPKVMDYFGHJAMREQW23ZDKVAMAFDRJ2J5,set_vk,2026-08-02 09:36:37,Success,GCZTDHO2FG2ABMQ46ON2MN262Z7RXD7TRA2QWGGKQIZVT7ZXK6AUJ3TH,Deployer,0150903288f60a949f75b7e280bdac1c521a707e766aeb7c711c9020ae77e7cf,https://stellar.expert/explorer/testnet/tx/0150903288f60a949f75b7e280bdac1c521a707e766aeb7c711c9020ae77e7cf
Testnet,ZK Verification,Groth16 Verifier (V2 Aug),CBRMDGEMQERFTG3MCBHYPHMZPKVMDYFGHJAMREQW23ZDKVAMAFDRJ2J5,set_vk,2026-08-02 16:53:11,Success,GCZTDHO2FG2ABMQ46ON2MN262Z7RXD7TRA2QWGGKQIZVT7ZXK6AUJ3TH,Deployer,154b656018d3571fb99dab79825ebb968fd69bdc9cbc16d817d85b5aa7922696,https://stellar.expert/explorer/testnet/tx/154b656018d3571fb99dab79825ebb968fd69bdc9cbc16d817d85b5aa7922696
Testnet,Core Pool,Shielded Pool (V2 Aug),CB6XFHGN4DMVEQRESJHPOUNYLUCGMOZTAIKTWH3I7KT3NVW2XY4NIOLC,upgrade,2026-08-02 16:53:31,Success,GCZTDHO2FG2ABMQ46ON2MN262Z7RXD7TRA2QWGGKQIZVT7ZXK6AUJ3TH,Deployer,b1f6658211435d54ff352bda19c1bfb162a4016ddd9f66ac14229eea75ff4000,https://stellar.expert/explorer/testnet/tx/b1f6658211435d54ff352bda19c1bfb162a4016ddd9f66ac14229eea75ff4000
Testnet,Core Pool,Shielded Pool (V2 Aug),CB6XFHGN4DMVEQRESJHPOUNYLUCGMOZTAIKTWH3I7KT3NVW2XY4NIOLC,transfer_v2,2026-08-02 16:56:16,Success,GCZTDHO2FG2ABMQ46ON2MN262Z7RXD7TRA2QWGGKQIZVT7ZXK6AUJ3TH,Deployer,07cb67bc4a0a9a697b1a8e0ed26d4a0b29b2de3eebd7f86c98fc68657df9d22a,https://stellar.expert/explorer/testnet/tx/07cb67bc4a0a9a697b1a8e0ed26d4a0b29b2de3eebd7f86c98fc68657df9d22a
Testnet,Core Pool,Shielded Pool (V2 Aug),CB6XFHGN4DMVEQRESJHPOUNYLUCGMOZTAIKTWH3I7KT3NVW2XY4NIOLC,withdraw_v2,2026-08-02 16:56:36,Success,GCZTDHO2FG2ABMQ46ON2MN262Z7RXD7TRA2QWGGKQIZVT7ZXK6AUJ3TH,Deployer,73e7a0686165bdbda22cb3be140ffe0ea6366b0f4a8620207faa25680ece79ea,https://stellar.expert/explorer/testnet/tx/73e7a0686165bdbda22cb3be140ffe0ea6366b0f4a8620207faa25680ece79ea
Testnet,Core Pool,Shielded Pool (V2 Aug),CB6XFHGN4DMVEQRESJHPOUNYLUCGMOZTAIKTWH3I7KT3NVW2XY4NIOLC,transfer_v2,2026-08-02 16:58:41,Success,GCZTDHO2FG2ABMQ46ON2MN262Z7RXD7TRA2QWGGKQIZVT7ZXK6AUJ3TH,Deployer,dbb86ea68f257ba14a97cf844e2413d14cd34f3434916099e95514bce66d49f7,https://stellar.expert/explorer/testnet/tx/dbb86ea68f257ba14a97cf844e2413d14cd34f3434916099e95514bce66d49f7
Testnet,Core Pool,Shielded Pool (V2 Aug),CB6XFHGN4DMVEQRESJHPOUNYLUCGMOZTAIKTWH3I7KT3NVW2XY4NIOLC,withdraw_v2,2026-08-02 16:59:01,Success,GCZTDHO2FG2ABMQ46ON2MN262Z7RXD7TRA2QWGGKQIZVT7ZXK6AUJ3TH,Deployer,a486ea0b2e6108876b4a3ca2046f120ff9d759ef9c7a2ec8549b8790a626e66e,https://stellar.expert/explorer/testnet/tx/a486ea0b2e6108876b4a3ca2046f120ff9d759ef9c7a2ec8549b8790a626e66e
